Serial Number,Title,Link,Image_link
1,గేమింగ్ లవర్స్ కోసం బెస్ట్ స్మార్ట్ ఫోన్లు ఇవే.. టాప్ బ్రాండ్లు,https://tv9telugu.com/technology/these-are-the-best-gaming-smartphone-in-india-check-details-in-telugu-1173020.html,https://images.tv9telugu.com/wp-content/themes/tv9telugu/images/watermark-new-small.jpg?ar=16:9
2,గూగుల్ మ్యాప్స్‌లో మరో ఇంట్రెస్టింగ్‌ ఫీచర్‌.. ఏఐ టెక్నాలజీతో..,https://tv9telugu.com/photo-gallery/technology-photos/google-soon-launching-ai-based-feature-in-google-maps-1172998.html,https://images.tv9telugu.com/wp-content/themes/tv9telugu/images/watermark-new-small.jpg?ar=16:9
3,షావోమీ కొత్త ఫోన్‌ వచ్చేస్తోంది.. భారత మార్కెట్లోకి 14 సిరీస్‌..,https://tv9telugu.com/photo-gallery/technology-photos/xiaomi-launches-new-smartphone-xiaomi-14-features-and-price-details-1172990.html,https://images.tv9telugu.com/wp-content/themes/tv9telugu/images/watermark-new-small.jpg?ar=16:9
4,"నాయిస్‌ నుంచి కొత్త స్మార్ట్‌ వాచ్‌, తక్కువ ధరలో బ్లూటూత్ కాలింగ్",https://tv9telugu.com/photo-gallery/technology-photos/noise-launches-new-smart-watch-noise-thrill-rugged-watch-check-here-for-price-and-features-1158924.html,https://images.tv9telugu.com/wp-content/themes/tv9telugu/images/watermark-new-small.jpg?ar=16:9
5,మనిషి బ్రెయిన్లో మస్క్ చిప్.. అసలు ఎలా పని చేస్తుంది ??,https://tv9telugu.com/videos/technology-videos/do-how-works-elon-musks-neuralink-brain-chip-in-human-brain-video-1172701.html,https://images.tv9telugu.com/wp-content/themes/tv9telugu/images/watermark-new-small.jpg?ar=16:9
6,మీ బెస్టీ కోసం స్మార్ట్ గిఫ్ట్ కావాలా? ఈ ‘రింగ్’ ఇస్తే ఫిదా..,https://tv9telugu.com/technology/here-are-the-best-smart-rings-for-your-partner-to-gift-on-valentines-day-check-details-in-telugu-1172324.html,https://images.tv9telugu.com/wp-content/themes/tv9telugu/images/watermark-new-small.jpg?ar=16:9
7,తక్కువ ధరలోనే సూపర్‌ ఫీచర్స్‌తో ఇయర్‌ బడ్స్‌..!,https://tv9telugu.com/technology/ear-buds-with-super-features-at-a-low-price-best-gift-for-your-life-partner-on-valentines-day-valentines-day-gift-details-in-telugu-1172302.html,https://images.tv9telugu.com/wp-content/themes/tv9telugu/images/watermark-new-small.jpg?ar=16:9
8,నథింగ్‌ ఫోన్‌ లవర్స్‌కు గుడ్‌ న్యూస్‌..నథింగ్‌ 2ఏపై కీలక అప్‌డేట్,https://tv9telugu.com/technology/good-news-for-nothing-phone-lovers-nothing-2a-key-update-nothing-phone-2a-details-in-telugu-1172300.html,https://images.tv9telugu.com/wp-content/themes/tv9telugu/images/watermark-new-small.jpg?ar=16:9
9,భూమి కంపిస్తే భూకంపం.. మరి చంద్రుడు కంపిస్తే.. ఏం జరుగుతుంది..?,https://tv9telugu.com/technology/moon-is-shrinking-causing-moonquakes-what-it-means-for-astronauts-lunar-missions-1172333.html,https://images.tv9telugu.com/wp-content/themes/tv9telugu/images/watermark-new-small.jpg?ar=16:9
10,నాయిస్‌ నుంచి నయా రాకింగ్‌ నెక్‌బ్యాండ్‌.. ఫీచర్లు తెలిస్తే షాక్,https://tv9telugu.com/technology/rocking-neckband-from-noise-advanced-features-at-a-low-price-noise-airwave-neck-band-details-in-telugu-1172296.html,https://images.tv9telugu.com/wp-content/themes/tv9telugu/images/watermark-new-small.jpg?ar=16:9
11,నథింగ్‌ నుంచి బడ్జెట్ స్మార్ట్‌ ఫోన్‌.. ఫీచర్స్‌ కూడా అదుర్స్‌,https://tv9telugu.com/photo-gallery/technology-photos/nothing-launching-new-smart-phone-nothing-phone-2a-features-and-price-details-1172198.html,https://images.tv9telugu.com/wp-content/themes/tv9telugu/images/watermark-new-small.jpg?ar=16:9
12,లావా నుంచి మరో బడ్జెట్‌ ఫోన్‌ వచ్చేస్తోంది.. తక్కువ ధరలో ఎక్కువ,https://tv9telugu.com/photo-gallery/technology-photos/indian-smart-phone-brand-lava-launching-new-smart-phone-lava-yuva-3-leaked-features-and-price-details-1172183.html,https://images.tv9telugu.com/wp-content/themes/tv9telugu/images/watermark-new-small.jpg?ar=16:9
13,ఏఐలో దూకుడు పెంచిన సామ్‌సంగ్‌.. ఐఐటీ కాన్పూర్‌తో ఒప్పందం.,https://tv9telugu.com/technology/samsung-deal-with-iit-kanpur-to-research-in-artificial-intelligence-and-more-1172172.html,https://images.tv9telugu.com/wp-content/themes/tv9telugu/images/watermark-new-small.jpg?ar=16:9
14,రూ. 15 వేలకే వన్‌ప్లస్‌ స్మార్ట్‌ ఫోన్‌.. ఫీచర్స్‌ మాములుగా లేవు.,https://tv9telugu.com/technology/one-plus-launched-new-budget-5g-smartphone-oneplus-nord-n30-se-5g-features-and-price-details-1171962.html,https://images.tv9telugu.com/wp-content/themes/tv9telugu/images/watermark-new-small.jpg?ar=16:9
15,గట్టిగ ఊదితే చాలు.. మీ ఫోన్ లాక్ తీసేయొచ్చు,https://tv9telugu.com/videos/technology-videos/your-distinctive-breath-fingerprint-could-be-used-to-unlock-phone-video-1171788.html,https://images.tv9telugu.com/wp-content/themes/tv9telugu/images/watermark-new-small.jpg?ar=16:9
16,"మీరు ఎక్కడున్న ఇట్టే చెప్పేసే యాప్స్ ఇవి.. పూర్తి భద్రత, భరోసా..",https://tv9telugu.com/technology/these-are-the-best-location-tracking-apps-check-details-in-telugu-1171609.html,https://images.tv9telugu.com/wp-content/themes/tv9telugu/images/watermark-new-small.jpg?ar=16:9
17,ప్రైవసీకి పెద్దపీట వేస్తూ ఇన్‌స్టాగ్రామ్‌ మరో కొత్త ఫీచర్‌..,https://tv9telugu.com/photo-gallery/technology-photos/instagram-testing-on-new-privacy-feature-flipside-check-here-for-full-details-1171567.html,https://images.tv9telugu.com/wp-content/themes/tv9telugu/images/watermark-new-small.jpg?ar=16:9
18,ఏఐ టెక్నాలజీతో కొత్త ల్యాప్‌టాప్‌.. ఫీచర్స్‌ అదుర్స్‌ అంతే..,https://tv9telugu.com/photo-gallery/technology-photos/acer-update-its-acer-swift-go-14-laptop-with-artificial-intelligence-check-here-for-full-details-1171558.html,https://images.tv9telugu.com/wp-content/themes/tv9telugu/images/watermark-new-small.jpg?ar=16:9
19,మనిషి మెదడులో చిప్‌ అమర్చాం.. ఎక్స్‌ వేదికగా ఎలాన్‌ మస్క్‌ ప్రకటన,https://tv9telugu.com/videos/technology-videos/neuralink-has-implanted-1st-brain-chip-in-human-says-elon-musk-viral-video-1171506.html,https://images.tv9telugu.com/wp-content/themes/tv9telugu/images/watermark-new-small.jpg?ar=16:9
20,ల్యాబ్‌లో చేప మాంసం ఉత్పత్తి.. దేశంలోనే తొలిసారి,https://tv9telugu.com/videos/technology-videos/india-cmfri-developing-lab-based-fish-video-1171502.html,https://images.tv9telugu.com/wp-content/themes/tv9telugu/images/watermark-new-small.jpg?ar=16:9
21,ఎట్టకేలకు వచ్చేసిన టెక్నో స్పార్క్‌ 20.. రూ. 10వేలలో ఊహకందని ఫీచర,https://tv9telugu.com/technology/tecno-launches-new-smart-phone-in-india-tecno-spark-20-features-and-price-details-1171203.html,https://images.tv9telugu.com/wp-content/themes/tv9telugu/images/watermark-new-small.jpg?ar=16:9
22,మార్కెట్‌లో దుమ్మురేపుతున్న స్మార్ట్‌ టీవీలు,https://tv9telugu.com/photo-gallery/technology-photos/smart-tvs-that-are-making-dust-in-the-market-no-worries-on-50-inch-tv-50-inch-smart-tvs-details-in-telugu-1170721.html,https://images.tv9telugu.com/wp-content/themes/tv9telugu/images/watermark-new-small.jpg?ar=16:9
23,చలికాలంలో వెచ్చని నేస్తాలు.. రెండు వేల లోపు రూమ్‌ హీటర్స్‌ ఇవే..!,https://tv9telugu.com/photo-gallery/technology-photos/warm-friends-in-winter-these-are-the-best-room-heaters-under-two-thousand-room-heaters-details-in-telugu-1170715.html,https://images.tv9telugu.com/wp-content/themes/tv9telugu/images/watermark-new-small.jpg?ar=16:9
24,ఫిబ్రవరిలో మార్కెట్‌లో సరికొత్త స్మార్ట్‌ఫోన్ల జాతర..!,https://tv9telugu.com/technology/new-smartphones-in-the-market-in-february-shock-if-you-know-the-details-along-with-the-features-smart-phones-details-in-telugu-1170714.html,https://images.tv9telugu.com/wp-content/themes/tv9telugu/images/watermark-new-small.jpg?ar=16:9
