Serial Number,Sports,Headline,Content,Link,Image URL
1,Premier League,N/A,Aaron Wan-Bissaka completes a Â£15m move to West Ham from Manchester United. ,https://www.bbc.com/sport/football/articles/c0jpnyeld3eo,N/A
2,Premier League,N/A,"Manchester City's Erling Haaland is in contention to win the PFA player of the year award for a second successive year, while Chelsea's Lauren James could win a historic double.",https://www.bbc.com/sport/football/articles/ckg2093dedgo,N/A
3,Baseball,N/A,Boston Red Sox outfielder Jarren Duran has been handed a two-match ban for homophobic slur towards a supporter.,https://www.bbc.com/sport/baseball/articles/c0rwqx051ngo,N/A
4,Darts,N/A,Leighton Bennett and Billy Warriner suspended after reports of suspicious betting patterns. ,https://www.bbc.com/sport/darts/articles/cd05jm79xmno,N/A
5,Football,N/A,"Real Madrid's Vinicius Jr is wanted by the Saudi Pro League, Manchester United have considered signing Dominic Calvert-Lewin, plus more.",https://www.bbc.com/sport/football/articles/cwy3wglwj4wo,N/A
6,Tennis,N/A,"In the space of a month in 2012, Andy Murray went from tears in the rain to gold in the sunshine, winning hearts and medals on Centre Court.",https://www.bbc.com/sport/tennis/articles/c3g527q1z0vo,N/A
7,BBC Radio 5 Live,N/A,Steve Crossman and guests celebrate the life and career of England batter Graham Thorpe.,https://www.bbc.com/sounds/play/p0jj4zjg,N/A
8,Premier League,N/A,N/A,https://www.bbc.com/sport/football/articles/c4gzld87708o,N/A
9,Arsenal,N/A,N/A,https://www.bbc.com/sport/football/articles/clyl4e35q4no,N/A
10,Premier League,N/A,N/A,https://www.bbc.com/sport/football/articles/c07ekl7ep32o,N/A
11,Olympic Games,N/A,N/A,https://www.bbc.com/sport/olympics/articles/c4gdwy72ee5o,N/A
12,Plymouth,N/A,N/A,https://www.bbc.com/sport/football/articles/cewlxr1drw8o,N/A
13,MMA,N/A,N/A,https://www.bbc.com/sport/mixed-martial-arts/articles/czd952ggnd4o,N/A
14,BBC Radio 5 Live,N/A,N/A,https://www.bbc.com/sounds/play/p0jj1vjy,N/A
15,Chelsea,N/A,N/A,https://www.bbc.com/sport/football/articles/cy4lmzx9027o,N/A
16,Boxing,N/A,N/A,https://www.bbc.com/sport/boxing/articles/c990yzv2v3ko,N/A
17,Liverpool,N/A,N/A,https://www.bbc.com/sport/football/articles/c5y87dz7wvxo,N/A
18,US & Canada,N/A,N/A,https://www.bbc.com/news/articles/cn8lyrgxvdgo,N/A
19,Women's Football,N/A,N/A,https://www.bbc.com/sport/football/articles/c75nzyd3v93o,N/A
20,FA Cup,N/A,N/A,https://www.bbc.com/sport/football/articles/cv2gd3jr387o,N/A
21,BBC World Service,N/A,N/A,https://www.bbc.com/sounds/play/p0jhvnfd,N/A
22,England,N/A,N/A,https://www.bbc.com/sport/cricket/articles/cgrjnz8pgkvo,N/A
23,Tennis,N/A,N/A,https://www.bbc.com/sport/tennis/articles/c8rx5138nxdo,N/A
24,Surrey,N/A,N/A,https://www.bbc.com/news/articles/c628ezd3ev2o,N/A
25,Disability Sport,N/A,N/A,https://www.bbc.com/sport/articles/cpvymmpyjeko,N/A
26,Australia,N/A,N/A,https://www.bbc.com/news/articles/cnvy348n260o,N/A
27,Cycling,N/A,N/A,https://www.bbc.com/sport/cycling/articles/cxxx568grlwo,N/A
28,BBC Radio 5 Live,N/A,N/A,https://www.bbc.com/sounds/play/p0jhv8dc,N/A
29,Premier League,N/A,N/A,https://www.bbc.com/sport/football/articles/c9qgvzqd5d1o,N/A
30,Gaelic Games,N/A,N/A,https://www.bbc.com/sport/articles/clynkegkxy9o,N/A
31,Man City,N/A,N/A,https://www.bbc.com/sport/football/articles/c0e84l1l8pdo,N/A
32,Olympic Games,N/A,N/A,https://www.bbc.com/sport/olympics/articles/czjyd1xdw2wo,N/A
33,The Hundred,N/A,N/A,https://www.bbc.com/sport/cricket/articles/c985y492pq2o,N/A
34,European Football,N/A,N/A,https://www.bbc.com/sport/football/articles/crgglxwge10o,N/A
35,BBC Radio 5 Live,N/A,N/A,https://www.bbc.com/sounds/play/p0jhgygd,N/A
36,Premier League,N/A,N/A,https://www.bbc.com/sport/football/articles/cn5r72k2z44o,N/A
37,Olympic Games,N/A,N/A,https://www.bbc.com/sport/olympics/articles/cy0npjxw7k1o,N/A
38,Olympic Games,N/A,N/A,https://www.bbc.com/sport/olympics/articles/c15gzzx1q5zo,N/A
39,Premier League,N/A,N/A,https://www.bbc.com/sport/football/articles/crgly31kgj0o,N/A
40,Football,N/A,N/A,https://www.bbc.com/sport/football/articles/czx6kk46d4po,N/A
41,26 June26 Jun,N/A,N/A,https://www.bbc.com/sport/articles/c3ggg48g3yvo,N/A
42,BBC Radio 5 Live,N/A,N/A,https://www.bbc.com/sounds/play/p0jgpj5d,N/A
43,Women's World Cup,N/A,N/A,https://www.bbc.com/sport/football/articles/c4ngy9xjpzro,N/A
44,Cycling,N/A,N/A,https://www.bbc.com/sport/cycling/articles/c1l5v270mdno,N/A
45,Olympic Games,N/A,N/A,https://www.bbc.com/sport/olympics/articles/cpqjleg8p57o,N/A
46,Cycling,N/A,N/A,https://www.bbc.com/sport/cycling/articles/c74lmd0z0p4o,N/A
47,Asia,N/A,N/A,https://www.bbc.com/news/articles/cdd74lym10po,N/A
48,European Football,N/A,N/A,https://www.bbc.com/sport/football/articles/cekk4zp5rg8o,N/A
49,N/A,N/A,N/A,https://www.bbc.com/sounds/category/sport?sort=popular,N/A
50,Formula 1,N/A,N/A,https://www.bbc.com/sport/articles/cg588g0qpmeo,N/A
51,8 hours ago8h,N/A,N/A,https://www.bbc.com/sport/articles/cvg44p2v4zvo,N/A
52,Olympic Games,N/A,N/A,https://www.bbc.com/sport/olympics/articles/cnvyqrzy5njo,N/A
53,Boxing,N/A,N/A,https://www.bbc.com/sport/boxing/articles/ckg2yp9zdrno,N/A
54,Baseball,N/A,N/A,https://www.bbc.com/sport/baseball/videos/cwy4j2v9n4do,N/A
